Handle,Title,Body (HTML),Vendor,Product Category,Type,Tags,Published,Option1 Name,Option1 Value,Option1 Linked To,Option2 Name,Option2 Value,Option2 Linked To,Option3 Name,Option3 Value,Option3 Linked To,Variant SKU,Variant Grams,Variant Inventory Tracker,Variant Inventory Qty,Variant Inventory Policy,Variant Fulfillment Service,Variant Price,Variant Compare At Price,Variant Requires Shipping,Variant Taxable,Unit Price Total Measure,Unit Price Total Measure Unit,Unit Price Base Measure,Unit Price Base Measure Unit,Variant Barcode,Image Src,Image Position,Image Alt Text,Gift Card,SEO Title,SEO Description,Material (product.metafields.custom.material),Pattern (product.metafields.custom.pattern),Text Size Chart (product.metafields.product.size),Age group (product.metafields.shopify.age-group),Baby/Toddler clothing features (product.metafields.shopify.baby-toddler-clothing-features),Bag/Case storage features (product.metafields.shopify.bag-case-storage-features),Carry options (product.metafields.shopify.carry-options),Color (product.metafields.shopify.color-pattern),Disclosures (product.metafields.shopify.disclosure),Dress occasion (product.metafields.shopify.dress-occasion),Dress style (product.metafields.shopify.dress-style),Fabric (product.metafields.shopify.fabric),Material (product.metafields.shopify.material),Neckline (product.metafields.shopify.neckline),Recommended age group (product.metafields.shopify.recommended-age-group),Size (product.metafields.shopify.size),Skirt/Dress length type (product.metafields.shopify.skirt-dress-length-type),Sleeve length type (product.metafields.shopify.sleeve-length-type),Target gender (product.metafields.shopify.target-gender),Toy/Game material (product.metafields.shopify.toy-game-material),Complementary products (product.metafields.shopify--discovery--product_recommendation.complementary_products),Related products (product.metafields.shopify--discovery--product_recommendation.related_products),Related products settings (product.metafields.shopify--discovery--product_recommendation.related_products_display),Search product boosts (product.metafields.shopify--discovery--product_search_boost.queries),Variant Image,Variant Weight Unit,Variant Tax Code,Cost per item,Status
sling-bags-7,SLING BAGS,<p>STYLISH OFF-WHITE SEQ SLING BAG WITH A BIG NET FLOWER WITH PEARLS &amp; CRYSTAL</p>,Beautifulmessstore,"Apparel & Accessories > Handbags, Wallets & Cases > Handbags > Cross Body Bags","","",true,Title,Default Title,,,,,,,,,0.0,shopify,2,deny,manual,1500.00,,true,true,,,,,,https://cdn.shopify.com/s/files/1/0662/0646/6244/files/WhatsAppImage2026-07-06at14.06.03_1.jpg?v=1783592120,1,"",false,,,,,,all-ages; kids,,,shoulder-strap; crossbody-strap; handle,white,,,,,,,,,,,,,,,,,,kg,,,active
sling-bags-6,SLING BAGS,<p>STYLISH LAVENDER SEQ SLING BAG WITH A BIG NET FLOWER WITH PEARLS &amp; CRYSTAL</p>,Beautifulmessstore,"Apparel & Accessories > Handbags, Wallets & Cases > Handbags > Cross Body Bags","","",true,Title,Default Title,,,,,,,,,0.0,shopify,2,deny,manual,1500.00,,true,true,,,,,,https://cdn.shopify.com/s/files/1/0662/0646/6244/files/WhatsAppImage2026-07-06at14.06.03_6ff2334d-9932-4cda-b1ed-e368521647f4.jpg?v=1783591843,1,"",false,,,,,,kids; all-ages,,,shoulder-strap; handle; crossbody-strap,purple,,,,,,,,,,,female,,,,,,,kg,,,active
sling-bags-5,SLING BAGS,<p>STYLISH PINK SEQ SLING BAG WITH A BIG NET FLOWER WITH PEARLS &amp; CRYSTAL</p>,Beautifulmessstore,"Apparel & Accessories > Handbags, Wallets & Cases > Handbags > Cross Body Bags","","",true,Title,Default Title,,,,,,,,,0.0,shopify,2,deny,manual,1500.00,,true,true,,,,,,https://cdn.shopify.com/s/files/1/0662/0646/6244/files/WhatsAppImage2026-07-06at14.06.02_4.jpg?v=1783328281,1,"",false,,,,,,all-ages; kids,,single-compartment,shoulder-strap; handle; crossbody-strap,pink,,,,,,,,,,,female,,,,,,,kg,,,active
sling-bags-4,SLING BAGS,<p>PINK SEQ &amp; LACE SLING BAGS WITH PINK CRYSTAL HANDLE AND A SMART BOW WHICH IS MADE OUT OF CRYSTAL AND PEARL</p>,Beautifulmessstore,"Apparel & Accessories > Handbags, Wallets & Cases > Handbags > Cross Body Bags","","",true,Title,Default Title,,,,,,,,,0.0,shopify,2,deny,manual,1500.00,,true,true,,,,,,https://cdn.shopify.com/s/files/1/0662/0646/6244/files/WhatsAppImage2026-07-06at14.06.02_3.jpg?v=1783328077,1,"",false,,,,,,all-ages; kids,,single-compartment,handle; crossbody-strap; shoulder-strap,pink,,,,,,,,,,,female,,,,,,,kg,,,active
sling-bags-3,SLING BAGS,<p>BLUE SEQ LACE SLING BAGS WITH BLUE CRYSTAL HANDLE AND A SMART BOW WHICH IS MADE OUT OF CRYSTAL AND PEARL</p>,Beautifulmessstore,"Apparel & Accessories > Handbags, Wallets & Cases > Handbags > Cross Body Bags","","",true,Title,Default Title,,,,,,,,,0.0,shopify,2,deny,manual,1500.00,,true,true,,,,,,https://cdn.shopify.com/s/files/1/0662/0646/6244/files/WhatsAppImage2026-07-06at14.06.02_2.jpg?v=1783327894,1,"",false,,,,,,all-ages; kids,,single-compartment,shoulder-strap,blue,,,,,,,,,,,female,,,,,,,kg,,,active
sling-bags-2,SLING BAGS,"<p>LAVENDER SEQ, LACE SLING BAGS WITH LAVENDER HANDLE AND A SMART BOW WHICH IS MADE OUT OF CRYSTAL AND PEARL</p>",Beautifulmessstore,"Apparel & Accessories > Handbags, Wallets & Cases > Handbags > Cross Body Bags","","",true,Title,Default Title,,,,,,,,,0.0,shopify,2,deny,manual,1500.00,,true,true,,,,,,https://cdn.shopify.com/s/files/1/0662/0646/6244/files/WhatsAppImage2026-07-06at14.06.02_1.jpg?v=1783327694,1,"",false,,,,,,kids; all-ages,,,shoulder-strap,purple,,,,,,,,,,,female,,,,,,,kg,,,active
sling-bags-1,SLING BAGS,<p>PINK TWEED MATERIAL SLING BAGS WITH PEARL HANDLE AND A SMART BOW WHICH IS MADE OUT OF CRYSTAL AND PEARL</p>,Beautifulmessstore,"Apparel & Accessories > Handbags, Wallets & Cases > Handbags > Cross Body Bags","","",true,Title,Default Title,,,,,,,,,0.0,shopify,2,deny,manual,1500.00,,true,true,,,,,,https://cdn.shopify.com/s/files/1/0662/0646/6244/files/WhatsAppImage2026-07-06at14.06.02.jpg?v=1783327584,1,"",false,,,,,,kids; all-ages,,single-compartment,shoulder-strap,pink,,,,,,,,,,,female,,,,,,,kg,,,active
sling-bags,SLING BAGS,<p>BLUE TWEED MATERIAL SLING BAGS WITH PEARL HANDLE AND A SMART BOW WHICH IS MADE OUT OF CRYSTAL AND PEARL</p>,Beautifulmessstore,"Apparel & Accessories > Handbags, Wallets & Cases > Handbags > Cross Body Bags","","",true,Title,Default Title,,,,,,,,,0.0,shopify,2,deny,manual,1500.00,,true,true,,,,,,https://cdn.shopify.com/s/files/1/0662/0646/6244/files/WhatsAppImage2026-07-06at14.06.01.jpg?v=1783327353,1,"",false,,,,,,all-ages,,single-compartment,shoulder-strap; crossbody-strap,blue,,,,,,,,,,,female,,,,,,,kg,,,active
pink-ruffle-sleeve-with-beautiful-seq-work-on-chest,PINK RUFFLE SLEEVE WITH BEAUTIFUL SEQ WORK ON CHEST,"<p>Premium soft-flowing fabric<br>Delicate sequin embroidered yoke with lace detailing<br>Statement layered ruffle sleeves<br>Elegant tiered ruffle hem<br>Comfortable fit for all-day wear<br>Perfect for parties, celebrations &amp; special occasions<br>A dress that blends timeless elegance with princess-worthy charm.  </p>
<p>KINDLY PLEASE VERIFY THE MEASUREMENTS BEFORE PLACING THE ORDER, AS WE DO NOT HAVE EXCHANGE OR REFUND. </p>",Beautifulmessstore,Apparel & Accessories > Clothing > Baby & Children's Clothing,"","",true,Size,5-6-years,product.metafields.shopify.size,,,,,,,,0.0,shopify,1,deny,manual,5500.00,,true,true,,,,,,https://cdn.shopify.com/s/files/1/0662/0646/6244/files/WhatsAppImage2026-07-02at11.11.11AM.jpg?v=1782978418,1,"",false,,,,,,,,,,pink,,,,seq; organza; cotton; satin,,,,5-6-years; 6-7-years; 7-8-years; 8-9-years; 9-10-years; 10-11-years,,,female,,,,,,,kg,,,active
pink-ruffle-sleeve-with-beautiful-seq-work-on-chest,,,,,,,,,6-7-years,,,,,,,,,0.0,shopify,1,deny,manual,5500.00,,true,true,,,,,,https://cdn.shopify.com/s/files/1/0662/0646/6244/files/WhatsApp_Image_2026-07-02_at_11.12.54_AM.jpg?v=1782978431,2,"",,,,,,,,,,,,,,,,,,,,,,,,,,,,,kg,,,
pink-ruffle-sleeve-with-beautiful-seq-work-on-chest,,,,,,,,,7-8-years,,,,,,,,,0.0,shopify,1,deny,manual,5500.00,,true,true,,,,,,https://cdn.shopify.com/s/files/1/0662/0646/6244/files/WhatsApp_Image_2026-07-02_at_11.11.19_AM.jpg?v=1782978438,3,"",,,,,,,,,,,,,,,,,,,,,,,,,,,,,kg,,,
pink-ruffle-sleeve-with-beautiful-seq-work-on-chest,,,,,,,,,8-9-years,,,,,,,,,0.0,shopify,1,deny,manual,5500.00,,true,true,,,,,,,,,,,,,,,,,,,,,,,,,,,,,,,,,,,,,kg,,,
pink-ruffle-sleeve-with-beautiful-seq-work-on-chest,,,,,,,,,9-10-years,,,,,,,,,0.0,shopify,1,deny,manual,5500.00,,true,true,,,,,,,,,,,,,,,,,,,,,,,,,,,,,,,,,,,,,kg,,,
pink-ruffle-sleeve-with-beautiful-seq-work-on-chest,,,,,,,,,10-11-years,,,,,,,,,0.0,shopify,1,deny,manual,5500.00,,true,true,,,,,,,,,,,,,,,,,,,,,,,,,,,,,,,,,,,,,kg,,,
ivory-seq-hem-frock,IVORY SEQ HEM FROCK,"<p>Delicate, elegant, and timeless, this beautiful ivory dress is designed to make every little girl feel special. Crafted with a soft, flowy silhouette, the dress features shimmering sequin detailing that adds a subtle sparkle, while the statement 3D floral hem creates a luxurious finish. The layered with charming shoulder bows enhances its graceful appeal, making it perfect for memorable occasions. </p>
<p>KINDLY PLEASE VERIFY THE MEASUREMENTS BEFORE PLACING THE ORDER, AS WE DO NOT HAVE EXCHANGE OR REFUND</p>",Beautifulmessstore,Apparel & Accessories > Clothing > Baby & Children's Clothing > Baby & Children's Dresses,"","",true,Size,5-6-years,product.metafields.shopify.size,,,,,,,,0.0,shopify,1,deny,manual,5500.00,,true,true,,,,,,https://cdn.shopify.com/s/files/1/0662/0646/6244/files/WhatsAppImage2026-06-23at13.19.44_2.jpg?v=1782977393,1,"",false,,,,,,,,,,cream; ivory,,party; formal,flared,,,round,,5-6-years; 6-7-years; 7-8-years; 8-9-years; 9-10-years; 10-11-years,short,,female,,,,,,,kg,,,active
ivory-seq-hem-frock,,,,,,,,,6-7-years,,,,,,,,,0.0,shopify,1,deny,manual,5500.00,,true,true,,,,,,https://cdn.shopify.com/s/files/1/0662/0646/6244/files/WhatsApp_Image_2026-07-02_at_1.01.35_PM.jpg?v=1782977977,2,"",,,,,,,,,,,,,,,,,,,,,,,,,,,,,kg,,,
ivory-seq-hem-frock,,,,,,,,,7-8-years,,,,,,,,,0.0,shopify,1,deny,manual,5500.00,,true,true,,,,,,https://cdn.shopify.com/s/files/1/0662/0646/6244/files/WhatsApp_Image_2026-07-02_at_1.01.15_PM.jpg?v=1782977981,3,"",,,,,,,,,,,,,,,,,,,,,,,,,,,,,kg,,,
ivory-seq-hem-frock,,,,,,,,,8-9-years,,,,,,,,,0.0,shopify,1,deny,manual,5500.00,,true,true,,,,,,,,,,,,,,,,,,,,,,,,,,,,,,,,,,,,,kg,,,
ivory-seq-hem-frock,,,,,,,,,9-10-years,,,,,,,,,0.0,shopify,1,deny,manual,5500.00,,true,true,,,,,,,,,,,,,,,,,,,,,,,,,,,,,,,,,,,,,kg,,,
ivory-seq-hem-frock,,,,,,,,,10-11-years,,,,,,,,,0.0,shopify,1,deny,manual,5500.00,,true,true,,,,,,,,,,,,,,,,,,,,,,,,,,,,,,,,,,,,,kg,,,
puff-shimmer-light-copper-puff-sleeve-frock,PUFF SHIMMER LIGHT COPPER PUFF SLEEVE FROCK,"<p>A dress that sparkles as brightly as your little one's happiest moments. Crafted in luxurious shimmer fabric with delicate sequined puff sleeves, layered frills, and a soft glitter tulle skirt, this outfit is the perfect blend of elegance and comfort. The beautiful floral waist detail adds a charming finishing touch, making it ideal for birthdays, weddings, festive celebrations, and every magical occasion.<br>Because every little princess deserves to shine with grace, sparkle, and confidence.  </p>
<p>KINDLY PLEASE VERIFY THE MEASUREMENTS BEFORE PLACING THE ORDER, AS WE DO NOT HAVE EXCHANGE OR REFUND</p>",Beautifulmessstore,Apparel & Accessories > Clothing > Baby & Children's Clothing > Baby & Children's Dresses,"","",true,SIZE,4-5 YEARS,,,,,,,,,0.0,shopify,1,deny,manual,5500.00,,true,true,,,,,,https://cdn.shopify.com/s/files/1/0662/0646/6244/files/WhatsAppImage2026-06-23at13.19.43_3.jpg?v=1782976946,1,"",false,,,,,,,,,,copper-bronze-mix,,birthday; formal; party; everyday,flared,seq; cotton; satin; other,,round,,4-5-years; 5-6-years; 6-7-years; 7-8-years; 8-9-years,short,short,female,,,,,,,kg,,,active
puff-shimmer-light-copper-puff-sleeve-frock,,,,,,,,,5-6 YEARS,,,,,,,,,0.0,shopify,1,deny,manual,5500.00,,true,true,,,,,,https://cdn.shopify.com/s/files/1/0662/0646/6244/files/WhatsApp_Image_2026-07-02_at_11.08.34_AM.jpg?v=1782976049,2,"",,,,,,,,,,,,,,,,,,,,,,,,,,,,,kg,,,
puff-shimmer-light-copper-puff-sleeve-frock,,,,,,,,,6-7 YEARS,,,,,,,,,0.0,shopify,1,deny,manual,5500.00,,true,true,,,,,,https://cdn.shopify.com/s/files/1/0662/0646/6244/files/WhatsApp_Image_2026-07-02_at_11.01.43_AM_1.jpg?v=1782976997,3,"",,,,,,,,,,,,,,,,,,,,,,,,,,,,,kg,,,
puff-shimmer-light-copper-puff-sleeve-frock,,,,,,,,,7-8 YEARS,,,,,,,,,0.0,shopify,1,deny,manual,5500.00,,true,true,,,,,,,,,,,,,,,,,,,,,,,,,,,,,,,,,,,,,kg,,,
puff-shimmer-light-copper-puff-sleeve-frock,,,,,,,,,8-9 YEARS,,,,,,,,,0.0,shopify,1,deny,manual,5500.00,,true,true,,,,,,,,,,,,,,,,,,,,,,,,,,,,,,,,,,,,,kg,,,
puff-shimmer-sleeve-golden-frock,PUFF SHIMMER SLEEVE GOLDEN FROCK,"<p>A dress that sparkles as brightly as your little one's happiest moments. Crafted in luxurious shimmer fabric with delicate sequined puff sleeves, layered frills, and a soft glitter tulle skirt, this outfit is the perfect blend of elegance and comfort. The beautiful floral waist detail adds a charming finishing touch, making it ideal for birthdays, weddings, festive celebrations, and every magical occasion.<br>Because every little princess deserves to shine with grace, sparkle, and confidence.  </p>
<p>KINDLY PLEASE VERIFY THE MEASUREMENTS BEFORE PLACING THE ORDER, AS WE DO NOT HAVE EXCHANGE OR REFUND</p>",Beautifulmessstore,Apparel & Accessories > Clothing > Baby & Children's Clothing,"","",true,Size,5-6-years,product.metafields.shopify.size,,,,,,,,0.0,shopify,1,deny,manual,5500.00,,true,true,,,,,,https://cdn.shopify.com/s/files/1/0662/0646/6244/files/WhatsAppImage2026-06-23at13.19.43_2.jpg?v=1782975992,1,"",false,,,,,,,,,,gold,,,,cotton; seq; satin; other,,,,5-6-years; 6-7-years; 7-8-years; 8-9-years; 9-10-years,,,female,,,,,,,kg,,,active
puff-shimmer-sleeve-golden-frock,,,,,,,,,6-7-years,,,,,,,,,0.0,shopify,1,deny,manual,5500.00,,true,true,,,,,,https://cdn.shopify.com/s/files/1/0662/0646/6244/files/WhatsApp_Image_2026-07-02_at_11.01.43_AM.jpg?v=1782976044,2,"",,,,,,,,,,,,,,,,,,,,,,,,,,,,,kg,,,
puff-shimmer-sleeve-golden-frock,,,,,,,,,7-8-years,,,,,,,,,0.0,shopify,1,deny,manual,5500.00,,true,true,,,,,,https://cdn.shopify.com/s/files/1/0662/0646/6244/files/WhatsApp_Image_2026-07-02_at_11.08.34_AM.jpg?v=1782976049,3,"",,,,,,,,,,,,,,,,,,,,,,,,,,,,,kg,,,
puff-shimmer-sleeve-golden-frock,,,,,,,,,8-9-years,,,,,,,,,0.0,shopify,1,deny,manual,5500.00,,true,true,,,,,,,,,,,,,,,,,,,,,,,,,,,,,,,,,,,,,kg,,,
puff-shimmer-sleeve-golden-frock,,,,,,,,,9-10-years,,,,,,,,,0.0,shopify,1,deny,manual,5500.00,,true,true,,,,,,,,,,,,,,,,,,,,,,,,,,,,,,,,,,,,,kg,,,
pink-shimmer-organza-frock,PINK SHIMMER ORGANZA FROCK,"<p>Premium shimmer organza fabric<br>Statement cascading ruffle design<br>Elegant puff sleeves with delicate lace trim<br>Soft, lightweight &amp; comfortable lining<br>Perfect for birthdays, weddings, festive occasions &amp; photoshoots<br>Because every little girl deserves to feel like a princess. </p>
<p>KINDLY PLEASE VERIFY THE MEASUREMENTS BEFORE PLACING THE ORDER, AS WE DO NOT HAVE EXCHANGE OR REFUND</p>",Beautifulmessstore,Apparel & Accessories > Clothing > Baby & Children's Clothing > Baby & Children's Dresses,"","",true,Size,5-6-years,product.metafields.shopify.size,,,,,,,,0.0,shopify,1,deny,manual,5500.00,,true,true,,,,,,https://cdn.shopify.com/s/files/1/0662/0646/6244/files/WhatsAppImage2026-06-23at13.19.47.jpg?v=1782973872,1,"",false,,,,,,,,,,pink,,birthday; wedding; party; formal,a-line,cotton; satin; organza,,round,,5-6-years; 6-7-years; 7-8-years; 8-9-years; 9-10-years; 10-11-years,short,short,female,,,,,,,kg,,,active
pink-shimmer-organza-frock,,,,,,,,,6-7-years,,,,,,,,,0.0,shopify,1,deny,manual,5500.00,,true,true,,,,,,https://cdn.shopify.com/s/files/1/0662/0646/6244/files/WhatsApp_Image_2026-07-02_at_10.51.36_AM.jpg?v=1782973898,2,"",,,,,,,,,,,,,,,,,,,,,,,,,,,,,kg,,,
pink-shimmer-organza-frock,,,,,,,,,7-8-years,,,,,,,,,0.0,shopify,1,deny,manual,5500.00,,true,true,,,,,,,,,,,,,,,,,,,,,,,,,,,,,,,,,,,,,kg,,,
pink-shimmer-organza-frock,,,,,,,,,8-9-years,,,,,,,,,0.0,shopify,1,deny,manual,5500.00,,true,true,,,,,,,,,,,,,,,,,,,,,,,,,,,,,,,,,,,,,kg,,,
pink-shimmer-organza-frock,,,,,,,,,9-10-years,,,,,,,,,0.0,shopify,1,deny,manual,5500.00,,true,true,,,,,,,,,,,,,,,,,,,,,,,,,,,,,,,,,,,,,kg,,,
pink-shimmer-organza-frock,,,,,,,,,10-11-years,,,,,,,,,0.0,shopify,1,deny,manual,5500.00,,true,true,,,,,,,,,,,,,,,,,,,,,,,,,,,,,,,,,,,,,kg,,,
pink-pearl-embellished-ruffle-neckline-seq-frock,PINK PEARL EMBELLISHED RUFFLE NECKLINE SEQ FROCK,"<p>Pearl-embellished ruffle neckline.<br>Intricate sequin &amp; 3D floral detailing.<br>Soft layered tulle flare for a princess look.<br>Premium fabric with all-day comfort.<br> Perfect for birthdays, weddings, parties &amp; festive celebrations<br>A dress made for little girls who love to sparkle with elegance.</p>",Beautifulmessstore,Apparel & Accessories > Clothing > Baby & Children's Clothing > Baby & Children's Dresses,"","",true,Size,4-5-years,product.metafields.shopify.size,,,,,,,,0.0,shopify,1,deny,manual,5500.00,,true,true,,,,,,https://cdn.shopify.com/s/files/1/0662/0646/6244/files/WhatsAppImage2026-06-23at13.19.46_3_ec686e1f-e60f-4ac3-b04c-961d83fda3a6.jpg?v=1782972613,1,"",false,,,,,,,,,,pink,,birthday; party; formal,flared,,,round,,4-5-years; 5-6-years; 6-7-years; 7-8-years; 8-9-years; 9-10-years,short,cap,female,,,,,,,kg,,,active
pink-pearl-embellished-ruffle-neckline-seq-frock,,,,,,,,,5-6-years,,,,,,,,,0.0,shopify,1,deny,manual,5500.00,,true,true,,,,,,https://cdn.shopify.com/s/files/1/0662/0646/6244/files/WhatsApp_Image_2026-07-02_at_10.42.21_AM.jpg?v=1782972658,2,"",,,,,,,,,,,,,,,,,,,,,,,,,,,,,kg,,,
pink-pearl-embellished-ruffle-neckline-seq-frock,,,,,,,,,6-7-years,,,,,,,,,0.0,shopify,1,deny,manual,5500.00,,true,true,,,,,,https://cdn.shopify.com/s/files/1/0662/0646/6244/files/WhatsApp_Image_2026-07-02_at_10.42.21_AM_1.jpg?v=1782972665,3,"",,,,,,,,,,,,,,,,,,,,,,,,,,,,,kg,,,
pink-pearl-embellished-ruffle-neckline-seq-frock,,,,,,,,,7-8-years,,,,,,,,,0.0,shopify,1,deny,manual,5500.00,,true,true,,,,,,,,,,,,,,,,,,,,,,,,,,,,,,,,,,,,,kg,,,
pink-pearl-embellished-ruffle-neckline-seq-frock,,,,,,,,,8-9-years,,,,,,,,,0.0,shopify,1,deny,manual,5500.00,,true,true,,,,,,,,,,,,,,,,,,,,,,,,,,,,,,,,,,,,,kg,,,
pink-pearl-embellished-ruffle-neckline-seq-frock,,,,,,,,,9-10-years,,,,,,,,,0.0,shopify,1,deny,manual,5500.00,,true,true,,,,,,,,,,,,,,,,,,,,,,,,,,,,,,,,,,,,,kg,,,
cream-pearl-embellished-ruffle-neckline-seq-frock,CREAM PEARL EMBELLISHED RUFFLE NECKLINE SEQ FROCK,"<p>Pearl-embellished ruffle neckline.<br>Intricate sequin &amp; 3D floral detailing.<br>Soft layered tulle flare for a princess look.<br>Premium fabric with all-day comfort.<br> Perfect for birthdays, weddings, parties &amp; festive celebrations<br>A dress made for little girls who love to sparkle with elegance.</p>",Beautifulmessstore,Apparel & Accessories > Clothing > Baby & Children's Clothing > Baby & Children's Dresses,"","",true,Size,5-6-years,product.metafields.shopify.size,,,,,,,,0.0,shopify,1,deny,manual,5500.00,,true,true,,,,,,https://cdn.shopify.com/s/files/1/0662/0646/6244/files/WhatsApp_Image_2026-07-02_at_10.42.21_AM_2.jpg?v=1782971733,1,"",false,,,,,,,,,,beige; cream,,birthday; party; formal,flared,,,round,,5-6-years; 6-7-years; 7-8-years; 8-9-years; 9-10-years,short,short,female,,,,,,,kg,,,active
cream-pearl-embellished-ruffle-neckline-seq-frock,,,,,,,,,6-7-years,,,,,,,,,0.0,shopify,1,deny,manual,5500.00,,true,true,,,,,,https://cdn.shopify.com/s/files/1/0662/0646/6244/files/WhatsApp_Image_2026-07-02_at_10.42.12_AM.jpg?v=1782971738,2,"",,,,,,,,,,,,,,,,,,,,,,,,,,,,,kg,,,
cream-pearl-embellished-ruffle-neckline-seq-frock,,,,,,,,,7-8-years,,,,,,,,,0.0,shopify,1,deny,manual,5500.00,,true,true,,,,,,https://cdn.shopify.com/s/files/1/0662/0646/6244/files/WhatsApp_Image_2026-07-02_at_11.31.59_AM.jpg?v=1782972900,3,"",,,,,,,,,,,,,,,,,,,,,,,,,,,,,kg,,,
cream-pearl-embellished-ruffle-neckline-seq-frock,,,,,,,,,8-9-years,,,,,,,,,0.0,shopify,1,deny,manual,5500.00,,true,true,,,,,,,,,,,,,,,,,,,,,,,,,,,,,,,,,,,,,kg,,,
cream-pearl-embellished-ruffle-neckline-seq-frock,,,,,,,,,9-10-years,,,,,,,,,0.0,shopify,1,deny,manual,5500.00,,true,true,,,,,,,,,,,,,,,,,,,,,,,,,,,,,,,,,,,,,kg,,,
pink-sparkle-net-frock,PINK SPARKLE NET FROCK,"<p>Where Sparkle Meets Sophistication .<br>Crafted in premium glamour sequin fabric, this dress is designed to make every little star shine. The shimmering sequins catch the light beautifully, while the soft tulle ruffle sleeves and layered net hem add a dreamy, graceful touch. Lightweight, comfortable, and lined with soft fabric, it lets your little one twirl, play, and sparkle with ease. </p>
<p>KINDLY PLEASE VERIFY THE MEASUREMENTS BEFORE PLACING THE ORDER, AS WE DO NOT HAVE EXCHANGE OR REFUND</p>",Beautifulmessstore,Apparel & Accessories > Clothing > Baby & Children's Clothing > Baby & Children's Dresses,"","",true,SIZE,5-6 YEARS,,,,,,,,,0.0,shopify,1,deny,manual,5500.00,,true,true,,,,,,https://cdn.shopify.com/s/files/1/0662/0646/6244/files/WhatsAppImage2026-06-23at13.19.48_3.jpg?v=1782970848,1,"",false,,,,,,,,,,pink,,party; formal,shift,net; seq; cotton,,round,,,short,cap,female,,,,,,,kg,,,active
pink-sparkle-net-frock,,,,,,,,,6-7 YEARS,,,,,,,,,0.0,shopify,1,deny,manual,5500.00,,true,true,,,,,,https://cdn.shopify.com/s/files/1/0662/0646/6244/files/WhatsApp_Image_2026-07-02_at_10.24.11_AM_3.jpg?v=1782970867,2,"",,,,,,,,,,,,,,,,,,,,,,,,,,,,,kg,,,
pink-sparkle-net-frock,,,,,,,,,7-8 YEARS,,,,,,,,,0.0,shopify,1,deny,manual,5500.00,,true,true,,,,,,https://cdn.shopify.com/s/files/1/0662/0646/6244/files/WhatsApp_Image_2026-07-02_at_10.24.11_AM_1.jpg?v=1782970872,3,"",,,,,,,,,,,,,,,,,,,,,,,,,,,,,kg,,,
pink-sparkle-net-frock,,,,,,,,,8-9 YEARS,,,,,,,,,0.0,shopify,1,deny,manual,5500.00,,true,true,,,,,,,,,,,,,,,,,,,,,,,,,,,,,,,,,,,,,kg,,,
pink-sparkle-net-frock,,,,,,,,,9-10 YEARS,,,,,,,,,0.0,shopify,1,deny,manual,5500.00,,true,true,,,,,,,,,,,,,,,,,,,,,,,,,,,,,,,,,,,,,kg,,,
black-sparkle-net-frock,BLACK SPARKLE NET FROCK,"<p>Where Sparkle Meets Sophistication <br>Crafted in premium glamour sequin fabric, this dress is designed to make every little star shine. The shimmering sequins catch the light beautifully, while the soft tulle ruffle sleeves and layered net hem add a dreamy, graceful touch. Lightweight, comfortable, and lined with soft fabric, it lets your little one twirl, play, and sparkle with ease. </p>
<p>KINDLY PLEASE VERIFY THE MEASUREMENTS BEFORE PLACING THE ORDER, AS WE DO NOT HAVE EXCHANGE OR REFUND</p>",Beautifulmessstore,Apparel & Accessories > Clothing > Baby & Children's Clothing,"","",true,Size,5-6-years,product.metafields.shopify.size,,,,,,,,0.0,shopify,1,deny,manual,5500.00,,true,true,,,,,,https://cdn.shopify.com/s/files/1/0662/0646/6244/files/WhatsAppImage2026-06-23at13.19.48_2.jpg?v=1782970013,1,"",false,,,,,,,,,,black,,,,seq; net; cotton,,,,5-6-years; 6-7-years; 7-8-years; 8-9-years; 9-10-years; 10-11-years,,,female,,,,,,,kg,,,active
black-sparkle-net-frock,,,,,,,,,6-7-years,,,,,,,,,0.0,shopify,1,deny,manual,5500.00,,true,true,,,,,,https://cdn.shopify.com/s/files/1/0662/0646/6244/files/WhatsApp_Image_2026-07-02_at_10.24.11_AM.jpg?v=1782970043,2,"",,,,,,,,,,,,,,,,,,,,,,,,,,,,,kg,,,
black-sparkle-net-frock,,,,,,,,,7-8-years,,,,,,,,,0.0,shopify,1,deny,manual,5500.00,,true,true,,,,,,https://cdn.shopify.com/s/files/1/0662/0646/6244/files/WhatsApp_Image_2026-07-02_at_10.24.11_AM_2.jpg?v=1782970051,3,"",,,,,,,,,,,,,,,,,,,,,,,,,,,,,kg,,,
black-sparkle-net-frock,,,,,,,,,8-9-years,,,,,,,,,0.0,shopify,1,deny,manual,5500.00,,true,true,,,,,,,,,,,,,,,,,,,,,,,,,,,,,,,,,,,,,kg,,,
black-sparkle-net-frock,,,,,,,,,9-10-years,,,,,,,,,0.0,shopify,1,deny,manual,5500.00,,true,true,,,,,,,,,,,,,,,,,,,,,,,,,,,,,,,,,,,,,kg,,,
black-sparkle-net-frock,,,,,,,,,10-11-years,,,,,,,,,0.0,shopify,1,deny,manual,5500.00,,true,true,,,,,,,,,,,,,,,,,,,,,,,,,,,,,,,,,,,,,kg,,,
black-ruffle-seq-frock,BLACK RUFFLE SEQ FROCK,"<p>Twirl‑ready and picture perfect, this little dress mixes soft tulle with delicate sequin fringe for movement and magic. The layered ruffle neckline adds a fairy‑like finish while the fully lined interior ensures comfy wear. Ideal for parties, family portraits, and special events.</p>",Beautifulmessstore,Apparel & Accessories > Clothing > Baby & Children's Clothing > Baby & Children's Dresses,"","",true,Size,5-6-years,product.metafields.shopify.size,,,,,,,,0.0,shopify,1,deny,manual,5500.00,,true,true,,,,,,https://cdn.shopify.com/s/files/1/0662/0646/6244/files/WhatsAppImage2026-06-23at13.19.44_1.jpg?v=1782968804,1,"",false,,,,,,,,,,black,,party; formal,a-line,seq; net; cotton,,round,,5-6-years; 6-7-years; 7-8-years; 8-9-years; 9-10-years,mini,short,female,,,,,,,kg,,,active
black-ruffle-seq-frock,,,,,,,,,6-7-years,,,,,,,,,0.0,shopify,1,deny,manual,5500.00,,true,true,,,,,,https://cdn.shopify.com/s/files/1/0662/0646/6244/files/WhatsApp_Image_2026-07-02_at_10.17.17_AM_1.jpg?v=1782968873,2,"",,,,,,,,,,,,,,,,,,,,,,,,,,,,,kg,,,
black-ruffle-seq-frock,,,,,,,,,7-8-years,,,,,,,,,0.0,shopify,1,deny,manual,5500.00,,true,true,,,,,,https://cdn.shopify.com/s/files/1/0662/0646/6244/files/WhatsApp_Image_2026-04-23_at_23.43.55.jpg?v=1782967918,3,"",,,,,,,,,,,,,,,,,,,,,,,,,,,,,kg,,,
black-ruffle-seq-frock,,,,,,,,,8-9-years,,,,,,,,,0.0,shopify,1,deny,manual,5500.00,,true,true,,,,,,,,,,,,,,,,,,,,,,,,,,,,,,,,,,,,,kg,,,
black-ruffle-seq-frock,,,,,,,,,9-10-years,,,,,,,,,0.0,shopify,1,deny,manual,5500.00,,true,true,,,,,,,,,,,,,,,,,,,,,,,,,,,,,,,,,,,,,kg,,,
pink-ruffle-neck-seq-frock,PINK RUFFLE NECK SEQ FROCK,"<p>Twirl‑ready and picture perfect, this little dress mixes soft tulle with delicate sequin fringe for movement and magic. The layered ruffle neckline adds a fairy‑like finish while the fully lined interior ensures comfy wear. Ideal for parties, family portraits, and special events.</p>",Beautifulmessstore,Apparel & Accessories > Clothing > Baby & Children's Clothing > Baby & Children's Dresses,"","",true,Size,5-6-years,product.metafields.shopify.size,,,,,,,,0.0,shopify,1,deny,manual,5500.00,,true,true,,,,,,https://cdn.shopify.com/s/files/1/0662/0646/6244/files/WhatsAppImage2026-06-23at13.19.42.jpg?v=1782967547,1,"",false,,,,,,,,,,pink,,party; formal,shift,seq; net; cotton,,round,,5-6-years; 6-7-years; 7-8-years; 8-9-years; 9-10-years,mini,short,female,,,,,,,kg,,,active
pink-ruffle-neck-seq-frock,,,,,,,,,6-7-years,,,,,,,,,0.0,shopify,1,deny,manual,5500.00,,true,true,,,,,,https://cdn.shopify.com/s/files/1/0662/0646/6244/files/WhatsApp_Image_2026-07-02_at_10.17.27_AM.jpg?v=1782967800,2,"",,,,,,,,,,,,,,,,,,,,,,,,,,,,,kg,,,
pink-ruffle-neck-seq-frock,,,,,,,,,7-8-years,,,,,,,,,0.0,shopify,1,deny,manual,5500.00,,true,true,,,,,,https://cdn.shopify.com/s/files/1/0662/0646/6244/files/WhatsApp_Image_2026-04-23_at_23.43.55.jpg?v=1782967918,3,"",,,,,,,,,,,,,,,,,,,,,,,,,,,,,kg,,,
pink-ruffle-neck-seq-frock,,,,,,,,,8-9-years,,,,,,,,,0.0,shopify,1,deny,manual,5500.00,,true,true,,,,,,,,,,,,,,,,,,,,,,,,,,,,,,,,,,,,,kg,,,
pink-ruffle-neck-seq-frock,,,,,,,,,9-10-years,,,,,,,,,0.0,shopify,1,deny,manual,5500.00,,true,true,,,,,,,,,,,,,,,,,,,,,,,,,,,,,,,,,,,,,kg,,,
cream-ruffle-neck-seq-frock,CREAM RUFFLE NECK SEQ FROCK,"<p>Twirl‑ready and picture perfect, this little dress mixes soft tulle with delicate sequin fringe for movement and magic. The layered ruffle neckline adds a fairy‑like finish while the fully lined interior ensures comfy wear. Ideal for parties, family portraits, and special events.</p>",Beautifulmessstore,Apparel & Accessories > Clothing > Baby & Children's Clothing > Baby & Children's Dresses,"","",true,Size,5-6-years,product.metafields.shopify.size,,,,,,,,0.0,shopify,1,deny,manual,5500.00,,true,true,,,,,,https://cdn.shopify.com/s/files/1/0662/0646/6244/files/WhatsAppImage2026-06-23at13.19.41_963d6662-4ecb-4068-8b23-cf2b4a6e889f.jpg?v=1782966809,1,"",false,,,,,,,,,,beige; cream,,party; formal,shift,net; cotton; seq,,round,,5-6-years; 6-7-years; 7-8-years; 8-9-years; 9-10-years,mini,short,female,,,,,,,kg,,,active
cream-ruffle-neck-seq-frock,,,,,,,,,6-7-years,,,,,,,,,0.0,shopify,1,deny,manual,5500.00,,true,true,,,,,,https://cdn.shopify.com/s/files/1/0662/0646/6244/files/WhatsApp_Image_2026-07-02_at_10.00.19_AM.jpg?v=1782966835,2,"",,,,,,,,,,,,,,,,,,,,,,,,,,,,,kg,,,
cream-ruffle-neck-seq-frock,,,,,,,,,7-8-years,,,,,,,,,0.0,shopify,1,deny,manual,5500.00,,true,true,,,,,,https://cdn.shopify.com/s/files/1/0662/0646/6244/files/WhatsApp_Image_2026-04-23_at_23.43.55.jpg?v=1782967918,3,"",,,,,,,,,,,,,,,,,,,,,,,,,,,,,kg,,,
cream-ruffle-neck-seq-frock,,,,,,,,,8-9-years,,,,,,,,,0.0,shopify,1,deny,manual,5500.00,,true,true,,,,,,,,,,,,,,,,,,,,,,,,,,,,,,,,,,,,,kg,,,
brown-sleeveless-floral-frock,BROWN SLEEVELESS FLORAL FROCK,"<p>Premium-quality printed fabric.</p>
<p>Soft, breathable &amp; skin-friendly.</p>
<p>Elegant floral marble inspired print.</p>
<p>Statement floral bow detailing<br>Layered tulle frill hem for a princess look.</p>
<p>Lightweight, comfortable &amp; easy to wear<br>Ideal for parties, festive wear &amp; special occasions. </p>
<p>KINDLY PLEASE VERIFY THE MEASUREMENTS BEFORE PLACING THE ORDER, AS WE DO NOT HAVE EXCHANGE OR REFUND</p>",Beautifulmessstore,Apparel & Accessories > Clothing > Baby & Children's Clothing,"","",true,Size,5-6-years,product.metafields.shopify.size,,,,,,,,0.0,shopify,1,deny,manual,5500.00,,true,true,,,,,,https://cdn.shopify.com/s/files/1/0662/0646/6244/files/WhatsAppImage2026-06-23at13.19.48.jpg?v=1782966077,1,"",false,,,,,,kids,,,,brown,,,,cotton; other,,,,5-6-years; 6-7-years; 7-8-years; 8-9-years; 9-10-years; 10-11-years,,,female,,,,,,,kg,,,active
brown-sleeveless-floral-frock,,,,,,,,,6-7-years,,,,,,,,,0.0,shopify,1,deny,manual,5500.00,,true,true,,,,,,https://cdn.shopify.com/s/files/1/0662/0646/6244/files/WhatsApp_Image_2026-07-02_at_9.52.01_AM.jpg?v=1782966494,2,"",,,,,,,,,,,,,,,,,,,,,,,,,,,,,kg,,,
brown-sleeveless-floral-frock,,,,,,,,,7-8-years,,,,,,,,,0.0,shopify,1,deny,manual,5500.00,,true,true,,,,,,,,,,,,,,,,,,,,,,,,,,,,,,,,,,,,,kg,,,
brown-sleeveless-floral-frock,,,,,,,,,8-9-years,,,,,,,,,0.0,shopify,1,deny,manual,5500.00,,true,true,,,,,,,,,,,,,,,,,,,,,,,,,,,,,,,,,,,,,kg,,,
brown-sleeveless-floral-frock,,,,,,,,,9-10-years,,,,,,,,,0.0,shopify,1,deny,manual,5500.00,,true,true,,,,,,,,,,,,,,,,,,,,,,,,,,,,,,,,,,,,,kg,,,
brown-sleeveless-floral-frock,,,,,,,,,10-11-years,,,,,,,,,0.0,shopify,1,deny,manual,5500.00,,true,true,,,,,,,,,,,,,,,,,,,,,,,,,,,,,,,,,,,,,kg,,,
light-maroon-floral-sleeveless-frock,LIGHT MAROON FLORAL SLEEVELESS FROCK,"<p>Premium-quality printed fabric.</p>
<p>Soft, breathable &amp; skin-friendly.</p>
<p>Elegant floral marble inspired print.</p>
<p>Statement floral bow detailing<br>Layered tulle frill hem for a princess look.</p>
<p>Lightweight, comfortable &amp; easy to wear<br>Ideal for parties, festive wear &amp; special occasions. </p>
<p>KINDLY PLEASE VERIFY THE MEASUREMENTS BEFORE PLACING THE ORDER, AS WE DO NOT HAVE EXCHANGE OR REFUND</p>",Beautifulmessstore,Apparel & Accessories > Clothing > Baby & Children's Clothing > Baby & Children's Dresses,"","",true,Size,5-6-years,product.metafields.shopify.size,,,,,,,,0.0,shopify,1,deny,manual,5500.00,,true,true,,,,,,https://cdn.shopify.com/s/files/1/0662/0646/6244/files/WhatsAppImage2026-06-23at13.19.47_2.jpg?v=1782911553,1,"",false,,,,,,,breathable-design,,,floral; maroon,,party,flared,,,round,,5-6-years; 6-7-years; 7-8-years; 8-9-years; 9-10-years; 10-11-years,short,sleeveless,female,,,,,,,kg,,,active
light-maroon-floral-sleeveless-frock,,,,,,,,,6-7-years,,,,,,,,,0.0,shopify,1,deny,manual,5500.00,,true,true,,,,,,https://cdn.shopify.com/s/files/1/0662/0646/6244/files/WhatsApp_Image_2026-07-01_at_6.31.30_PM_1.jpg?v=1782911566,2,"",,,,,,,,,,,,,,,,,,,,,,,,,,,,,kg,,,
light-maroon-floral-sleeveless-frock,,,,,,,,,7-8-years,,,,,,,,,0.0,shopify,1,deny,manual,5500.00,,true,true,,,,,,,,,,,,,,,,,,,,,,,,,,,,,,,,,,,,,kg,,,
light-maroon-floral-sleeveless-frock,,,,,,,,,8-9-years,,,,,,,,,0.0,shopify,1,deny,manual,5500.00,,true,true,,,,,,,,,,,,,,,,,,,,,,,,,,,,,,,,,,,,,kg,,,
light-maroon-floral-sleeveless-frock,,,,,,,,,9-10-years,,,,,,,,,0.0,shopify,1,deny,manual,5500.00,,true,true,,,,,,,,,,,,,,,,,,,,,,,,,,,,,,,,,,,,,kg,,,
light-maroon-floral-sleeveless-frock,,,,,,,,,10-11-years,,,,,,,,,0.0,shopify,1,deny,manual,5500.00,,true,true,,,,,,,,,,,,,,,,,,,,,,,,,,,,,,,,,,,,,kg,,,
grey-floral-sleeveless-frock,GREY FLORAL SLEEVELESS FROCK,"<p>Premium-quality printed fabric.</p>
<p>Soft, breathable &amp; skin-friendly.</p>
<p>Elegant floral marble inspired print.</p>
<p>Statement floral bow detailing<br>Layered tulle frill hem for a princess look.</p>
<p>Lightweight, comfortable &amp; easy to wear<br>Ideal for parties, festive wear &amp; special occasions. </p>
<p>KINDLY PLEASE VERIFY THE MEASUREMENTS BEFORE PLACING THE ORDER, AS WE DO NOT HAVE EXCHANGE OR REFUND</p>",Beautifulmessstore,Apparel & Accessories > Clothing > Baby & Children's Clothing,"","",true,Size,5-6 years,,,,,,,,,0.0,shopify,1,deny,manual,5500.00,,true,true,,,,,,https://cdn.shopify.com/s/files/1/0662/0646/6244/files/WhatsAppImage2026-06-23at13.19.47_1.jpg?v=1782910735,1,"",false,,,,,,,,,,,,,,,,,,,,,,,,,,,,kg,,,active
grey-floral-sleeveless-frock,,,,,,,,,6-7 years,,,,,,,,,0.0,shopify,1,deny,manual,5500.00,,true,true,,,,,,https://cdn.shopify.com/s/files/1/0662/0646/6244/files/WhatsApp_Image_2026-07-01_at_6.31.30_PM.jpg?v=1782911390,2,"",,,,,,,,,,,,,,,,,,,,,,,,,,,,,kg,,,
grey-floral-sleeveless-frock,,,,,,,,,7-8 years,,,,,,,,,0.0,shopify,1,deny,manual,5500.00,,true,true,,,,,,,,,,,,,,,,,,,,,,,,,,,,,,,,,,,,,kg,,,
grey-floral-sleeveless-frock,,,,,,,,,8-9 years,,,,,,,,,0.0,shopify,1,deny,manual,5500.00,,true,true,,,,,,,,,,,,,,,,,,,,,,,,,,,,,,,,,,,,,kg,,,
grey-floral-sleeveless-frock,,,,,,,,,9-10 years,,,,,,,,,0.0,shopify,1,deny,manual,5500.00,,true,true,,,,,,,,,,,,,,,,,,,,,,,,,,,,,,,,,,,,,kg,,,
grey-floral-sleeveless-frock,,,,,,,,,10-11 years,,,,,,,,,0.0,shopify,1,deny,manual,5500.00,,true,true,,,,,,,,,,,,,,,,,,,,,,,,,,,,,,,,,,,,,kg,,,
cream-sleeveless-frock,CREAM SLEEVELESS FROCK,"<p>Soft &amp; lightweight fabric.<br>Intricate floral embroidery with subtle sparkle.<br>Statement ruffle neckline with elegant floral detail.<br>Perfect for birthdays, weddings, parties &amp; celebrations<br>Because every little girl deserves to feel like a princess. </p>
<p>KINDLY PLEASE VERIFY THE MEASUREMENTS BEFORE PLACING THE ORDER, AS WE DO NOT HAVE EXCHANGE OR REFUND</p>",Beautifulmessstore,Apparel & Accessories > Clothing > Baby & Children's Clothing > Baby & Children's Dresses,"","",true,Size,5-6-years,product.metafields.shopify.size,,,,,,,,0.0,shopify,1,deny,manual,5500.00,,true,true,,,,,,https://cdn.shopify.com/s/files/1/0662/0646/6244/files/WhatsAppImage2026-07-01at5.35.18PM_2.jpg?v=1782910215,1,"",false,,,,,,,,,,beige; cream,,birthday; party; formal,,,,round,,5-6-years; 6-7-years; 7-8-years; 8-9-years; 9-10-years; 10-11-years,short,sleeveless,female,,,,,,,kg,,,active
cream-sleeveless-frock,,,,,,,,,6-7-years,,,,,,,,,0.0,shopify,1,deny,manual,5500.00,,true,true,,,,,,https://cdn.shopify.com/s/files/1/0662/0646/6244/files/WhatsApp_Image_2026-07-01_at_5.35.18_PM_3.jpg?v=1782910231,2,"",,,,,,,,,,,,,,,,,,,,,,,,,,,,,kg,,,
cream-sleeveless-frock,,,,,,,,,7-8-years,,,,,,,,,0.0,shopify,1,deny,manual,5500.00,,true,true,,,,,,,,,,,,,,,,,,,,,,,,,,,,,,,,,,,,,kg,,,
cream-sleeveless-frock,,,,,,,,,8-9-years,,,,,,,,,0.0,shopify,1,deny,manual,5500.00,,true,true,,,,,,,,,,,,,,,,,,,,,,,,,,,,,,,,,,,,,kg,,,
cream-sleeveless-frock,,,,,,,,,9-10-years,,,,,,,,,0.0,shopify,1,deny,manual,5500.00,,true,true,,,,,,,,,,,,,,,,,,,,,,,,,,,,,,,,,,,,,kg,,,
cream-sleeveless-frock,,,,,,,,,10-11-years,,,,,,,,,0.0,shopify,1,deny,manual,5500.00,,true,true,,,,,,,,,,,,,,,,,,,,,,,,,,,,,,,,,,,,,kg,,,
pink-sleeveless-frock,PINK SLEEVELESS FROCK,"<p>Soft &amp; lightweight fabric.<br>Intricate floral embroidery with subtle sparkle.<br>Statement ruffle neckline with elegant floral detail.<br>Perfect for birthdays, weddings, parties &amp; celebrations<br>Because every little girl deserves to feel like a princess. </p>
<p>KINDLY PLEASE VERIFY THE MEASUREMENTS BEFORE PLACING THE ORDER, AS WE DO NOT HAVE EXCHANGE OR REFUND</p>",Beautifulmessstore,Apparel & Accessories > Clothing > Baby & Children's Clothing > Baby & Children's Dresses,"","",true,Size,5-6-years,product.metafields.shopify.size,,,,,,,,0.0,shopify,1,deny,manual,5500.00,,true,true,,,,,,https://cdn.shopify.com/s/files/1/0662/0646/6244/files/WhatsAppImage2026-06-23at13.19.45_1.jpg?v=1782907947,1,"",false,,,,,,,,,,pink,,birthday; party; formal,a-line,net; cotton,,round,,5-6-years; 6-7-years; 7-8-years; 8-9-years,short,sleeveless,female,,,,,,,kg,,,active
pink-sleeveless-frock,,,,,,,,,6-7-years,,,,,,,,,0.0,shopify,1,deny,manual,5500.00,,true,true,,,,,,https://cdn.shopify.com/s/files/1/0662/0646/6244/files/WhatsApp_Image_2026-07-01_at_5.28.13_PM.jpg?v=1782908111,2,"",,,,,,,,,,,,,,,,,,,,,,,,,,,,,kg,,,
pink-sleeveless-frock,,,,,,,,,7-8-years,,,,,,,,,0.0,shopify,1,deny,manual,5500.00,,true,true,,,,,,,,,,,,,,,,,,,,,,,,,,,,,,,,,,,,,kg,,,
beige-sleeveless-3d-floral-frock,BEIGE SLEEVELESS 3D FLORAL FROCK,"<p>Soft premium fabric with breathable lining<br>Intricate 3D floral embroidery and sequin detailing<br>Elegant shoulder bow with floral accent<br>Flowy layered tulle skirt<br>Comfortable fit for all-day wear<br>Available in beautiful pastel shades like cream/beige<br>A timeless outfit that blends. </p>
<p>KINDLY PLEASE VERIFY THE MEASUREMENTS BEFORE PLACING THE ORDER, AS WE DO NOT HAVE EXCHANGE OR REFUND</p>",Beautifulmessstore,Apparel & Accessories > Clothing > Baby & Children's Clothing > Baby & Children's Dresses,"","",true,Size,4-5-years,product.metafields.shopify.size,,,,,,,,0.0,shopify,1,deny,manual,5500.00,,true,true,,,,,,https://cdn.shopify.com/s/files/1/0662/0646/6244/files/WhatsAppImage2026-06-23at13.19.49.jpg?v=1782901586,1,"",false,,,,,,,breathable-design,,,beige,,everyday; casual,flared,,,round,,4-5-years; 5-6-years; 6-7-years; 7-8-years; 8-9-years; 9-10-years,short,sleeveless,female,,,,,,,kg,,,active
beige-sleeveless-3d-floral-frock,,,,,,,,,5-6-years,,,,,,,,,0.0,shopify,1,deny,manual,5500.00,,true,true,,,,,,https://cdn.shopify.com/s/files/1/0662/0646/6244/files/WhatsApp_Image_2026-07-01_at_3.43.38_PM.jpg?v=1782901638,2,"",,,,,,,,,,,,,,,,,,,,,,,,,,,,,kg,,,
beige-sleeveless-3d-floral-frock,,,,,,,,,6-7-years,,,,,,,,,0.0,shopify,1,deny,manual,5500.00,,true,true,,,,,,,,,,,,,,,,,,,,,,,,,,,,,,,,,,,,,kg,,,
beige-sleeveless-3d-floral-frock,,,,,,,,,7-8-years,,,,,,,,,0.0,shopify,1,deny,manual,5500.00,,true,true,,,,,,,,,,,,,,,,,,,,,,,,,,,,,,,,,,,,,kg,,,
beige-sleeveless-3d-floral-frock,,,,,,,,,8-9-years,,,,,,,,,0.0,shopify,1,deny,manual,5500.00,,true,true,,,,,,,,,,,,,,,,,,,,,,,,,,,,,,,,,,,,,kg,,,
beige-sleeveless-3d-floral-frock,,,,,,,,,9-10-years,,,,,,,,,0.0,shopify,1,deny,manual,5500.00,,true,true,,,,,,,,,,,,,,,,,,,,,,,,,,,,,,,,,,,,,kg,,,
lavender-sleeveless-3d-floral-frock,LAVENDER SLEEVELESS 3D FLORAL FROCK,"<p>Soft premium fabric with breathable lining<br>Intricate 3D floral embroidery and sequin detailing<br>Elegant shoulder bow with floral accent<br>Flowy layered tulle skirt<br>Comfortable fit for all-day wear<br>Available in beautiful pastel shades like Lilac and Champagne<br>A timeless outfit that blends. </p>
<p>KINDLY PLEASE VERIFY THE MEASUREMENTS BEFORE PLACING THE ORDER, AS WE DO NOT HAVE EXCHANGE OR REFUND</p>",Beautifulmessstore,Apparel & Accessories > Clothing > Baby & Children's Clothing > Baby & Children's Dresses,"","",true,Size,4-5-years,product.metafields.shopify.size,,,,,,,,0.0,shopify,1,deny,manual,5500.00,,true,true,,,,,,https://cdn.shopify.com/s/files/1/0662/0646/6244/files/WhatsAppImage2026-06-23at13.19.45.jpg?v=1782900683,1,"",false,,,,,,,,,,purple,,everyday; casual,flared,,,round,,4-5-years; 5-6-years; 6-7-years; 7-8-years; 8-9-years,short,sleeveless,female,,,,,,,kg,,,active
lavender-sleeveless-3d-floral-frock,,,,,,,,,5-6-years,,,,,,,,,0.0,shopify,1,deny,manual,5500.00,,true,true,,,,,,https://cdn.shopify.com/s/files/1/0662/0646/6244/files/WhatsApp_Image_2026-07-01_at_3.44.02_PM.jpg?v=1782901259,2,"",,,,,,,,,,,,,,,,,,,,,,,,,,,,,kg,,,
lavender-sleeveless-3d-floral-frock,,,,,,,,,6-7-years,,,,,,,,,0.0,shopify,1,deny,manual,5500.00,,true,true,,,,,,,,,,,,,,,,,,,,,,,,,,,,,,,,,,,,,kg,,,
lavender-sleeveless-3d-floral-frock,,,,,,,,,7-8-years,,,,,,,,,0.0,shopify,1,deny,manual,5500.00,,true,true,,,,,,,,,,,,,,,,,,,,,,,,,,,,,,,,,,,,,kg,,,
lavender-sleeveless-3d-floral-frock,,,,,,,,,8-9-years,,,,,,,,,0.0,shopify,1,deny,manual,5500.00,,true,true,,,,,,,,,,,,,,,,,,,,,,,,,,,,,,,,,,,,,kg,,,
pink-sleeveless-seq-floral-frock,PINK SLEEVELESS SEQ FLORAL FROCK,"<p>Premium sequin fabric<br>Intricate 3D floral<br>Elegant ruffle neckline with floral detailing<br>Soft layered tulle flare hem<br>Comfortable inner lining<br>Perfect for birthdays, weddings, parties, festive celebrations, and special occasions. </p>
<p>KINDLY PLEASE VERIFY THE MEASUREMENTS BEFORE PLACING THE ORDER, AS WE DO NOT HAVE EXCHANGE OR REFUND</p>",Beautifulmessstore,Apparel & Accessories > Clothing > Baby & Children's Clothing > Baby & Children's Dresses,"","",true,Size,4-5-years,product.metafields.shopify.size,,,,,,,,0.0,shopify,1,deny,manual,5500.00,,true,true,,,,,,https://cdn.shopify.com/s/files/1/0662/0646/6244/files/WhatsAppImage2026-06-23at13.19.42_3.jpg?v=1782899892,1,"",false,,,,,,,,,,floral; pink,,birthday; wedding; party; formal,flared,cotton; satin; synthetic; mesh,,round,,4-5-years; 5-6-years; 6-7-years; 7-8-years; 8-9-years; 9-10-years,short,sleeveless,female,,,,,,,kg,,,active
pink-sleeveless-seq-floral-frock,,,,,,,,,5-6-years,,,,,,,,,0.0,shopify,1,deny,manual,5500.00,,true,true,,,,,,https://cdn.shopify.com/s/files/1/0662/0646/6244/files/WhatsApp_Image_2026-07-01_at_3.30.30_PM.jpg?v=1782900064,2,"",,,,,,,,,,,,,,,,,,,,,,,,,,,,,kg,,,
pink-sleeveless-seq-floral-frock,,,,,,,,,6-7-years,,,,,,,,,0.0,shopify,1,deny,manual,5500.00,,true,true,,,,,,,,,,,,,,,,,,,,,,,,,,,,,,,,,,,,,kg,,,
pink-sleeveless-seq-floral-frock,,,,,,,,,7-8-years,,,,,,,,,0.0,shopify,1,deny,manual,5500.00,,true,true,,,,,,,,,,,,,,,,,,,,,,,,,,,,,,,,,,,,,kg,,,
pink-sleeveless-seq-floral-frock,,,,,,,,,8-9-years,,,,,,,,,0.0,shopify,1,deny,manual,5500.00,,true,true,,,,,,,,,,,,,,,,,,,,,,,,,,,,,,,,,,,,,kg,,,
pink-sleeveless-seq-floral-frock,,,,,,,,,9-10-years,,,,,,,,,0.0,shopify,1,deny,manual,5500.00,,true,true,,,,,,,,,,,,,,,,,,,,,,,,,,,,,,,,,,,,,kg,,,
cream-sleeveless-seq-floral-frock,CREAM SLEEVELESS SEQ FLORAL FROCK,"<p>Premium sequin fabric<br>Intricate 3D floral<br>Elegant ruffle neckline with floral detailing<br>Soft layered tulle flare hem<br>Comfortable inner lining<br>Perfect for birthdays, weddings, parties, festive celebrations, and special occasions</p>
<p>KINDLY PLEASE VERIFY THE MEASUREMENTS BEFORE PLACING THE ORDER, AS WE DO NOT HAVE EXCHANGE OR REFUND</p>",Beautifulmessstore,Apparel & Accessories > Clothing > Baby & Children's Clothing > Baby & Children's Dresses,"","",true,Size,4-5-years,product.metafields.shopify.size,,,,,,,,0.0,shopify,1,deny,manual,5500.00,,true,true,,,,,,https://cdn.shopify.com/s/files/1/0662/0646/6244/files/WhatsAppImage2026-06-23at13.19.43_1.jpg?v=1782898651,1,"",false,,,,,,,,,,floral; beige,,birthday; wedding; party; formal,flared,cotton; satin,,round,,4-5-years; 5-6-years; 6-7-years; 7-8-years; 8-9-years; 9-10-years,,sleeveless,female,,,,,,,kg,,,active
cream-sleeveless-seq-floral-frock,,,,,,,,,5-6-years,,,,,,,,,0.0,shopify,1,deny,manual,5500.00,,true,true,,,,,,https://cdn.shopify.com/s/files/1/0662/0646/6244/files/WhatsApp_Image_2026-07-01_at_3.17.35_PM.jpg?v=1782899293,2,"",,,,,,,,,,,,,,,,,,,,,,,,,,,,,kg,,,
cream-sleeveless-seq-floral-frock,,,,,,,,,6-7-years,,,,,,,,,0.0,shopify,1,deny,manual,5500.00,,true,true,,,,,,,,,,,,,,,,,,,,,,,,,,,,,,,,,,,,,kg,,,
cream-sleeveless-seq-floral-frock,,,,,,,,,7-8-years,,,,,,,,,0.0,shopify,1,deny,manual,5500.00,,true,true,,,,,,,,,,,,,,,,,,,,,,,,,,,,,,,,,,,,,kg,,,
cream-sleeveless-seq-floral-frock,,,,,,,,,8-9-years,,,,,,,,,0.0,shopify,1,deny,manual,5500.00,,true,true,,,,,,,,,,,,,,,,,,,,,,,,,,,,,,,,,,,,,kg,,,
cream-sleeveless-seq-floral-frock,,,,,,,,,9-10-years,,,,,,,,,0.0,shopify,1,deny,manual,5500.00,,true,true,,,,,,,,,,,,,,,,,,,,,,,,,,,,,,,,,,,,,kg,,,
blue-frock-with-big-bow-on-shoulder,BLUE FROCK WITH BIG BOW ON SHOULDER,"<p>COMBINATION OF 3 FABRIC TOGETHER CREATING A MASTERPIECE.</p>
<p>SATIN SLEVEES, SEQ ON CHEST AND SOFT RUFFLE NET BELOW. COTTON LINING INSIDE FOR COMFORT.</p>",Beautifulmessstore,Apparel & Accessories > Clothing > Baby & Children's Clothing > Baby & Children's Dresses,"","",true,SIZE,4-5-years,product.metafields.shopify.size,"IMPORTANT NOTICE: EVERY DRESS HAS DIFFERENT SIZES CHART, KINDLY CONFIRM THE SIZE ON WHAT'S APP BEFORE CONFIRMING YOUR ORDER AS WE HAVE NO RETURN OR REFUND.",PLEASE READ BEFORE CONFIRMING ORDER,,,,,,0.0,shopify,1,deny,manual,5500.00,,false,true,,,,,,https://cdn.shopify.com/s/files/1/0662/0646/6244/files/WhatsAppImage2026-04-23at10.51.39_bfdb5891-ddd8-426f-9421-8243f8f3bc31.jpg?v=1782359983,1,"",false,,,,,,,breathable-design,,,blue,,party; formal,flared,satin; cotton,,round,,4-5-years; 5-6-years; 6-7-years; 7-8-years; 8-9-years; 9-10-years,short; knee,short,female,,,,,,,kg,,,active
blue-frock-with-big-bow-on-shoulder,,,,,,,,,5-6-years,,,PLEASE READ BEFORE CONFIRMING ORDER,,,,,,0.0,shopify,1,deny,manual,5500.00,,false,true,,,,,,,,,,,,,,,,,,,,,,,,,,,,,,,,,,,,,kg,,,
blue-frock-with-big-bow-on-shoulder,,,,,,,,,6-7-years,,,PLEASE READ BEFORE CONFIRMING ORDER,,,,,,0.0,shopify,1,deny,manual,5500.00,,false,true,,,,,,,,,,,,,,,,,,,,,,,,,,,,,,,,,,,,,kg,,,
blue-frock-with-big-bow-on-shoulder,,,,,,,,,7-8-years,,,PLEASE READ BEFORE CONFIRMING ORDER,,,,,,0.0,shopify,1,deny,manual,5500.00,,false,true,,,,,,,,,,,,,,,,,,,,,,,,,,,,,,,,,,,,,kg,,,
blue-frock-with-big-bow-on-shoulder,,,,,,,,,8-9-years,,,PLEASE READ BEFORE CONFIRMING ORDER,,,,,,0.0,shopify,1,deny,manual,5500.00,,false,true,,,,,,,,,,,,,,,,,,,,,,,,,,,,,,,,,,,,,kg,,,
blue-frock-with-big-bow-on-shoulder,,,,,,,,,9-10-years,,,PLEASE READ BEFORE CONFIRMING ORDER,,,,,,0.0,shopify,1,deny,manual,5500.00,,false,true,,,,,,,,,,,,,,,,,,,,,,,,,,,,,,,,,,,,,kg,,,
bm-gift-card,BM GIFT CARD,"<p><span>BM GIFT VOUCHERS AVAILABLE </span></p>
<p><span>STARTING FROM RS.2000/- ONWARDS </span></p>",Beautifulmessstore,Gift Cards,"","",true,Denominations,₹2000,,,,,,,,,0.0,,5,deny,gift_card,2000.00,,false,false,,,,,,https://cdn.shopify.com/s/files/1/0662/0646/6244/files/WhatsAppImage2026-07-01at3.36.25PM.jpg?v=1782900418,1,"",true,,,,,,,,,,,,,,,,,,,,,,,,,,,,kg,,,active
bm-gift-card,,,,,,,,,₹5000,,,,,,,,,0.0,,5,deny,gift_card,5000.00,,false,false,,,,,,,,,,,,,,,,,,,,,,,,,,,,,,,,,,,,,kg,,,
bm-gift-card,,,,,,,,,₹10000,,,,,,,,,0.0,,6,deny,gift_card,10000.00,,false,false,,,,,,,,,,,,,,,,,,,,,,,,,,,,,,,,,,,,,kg,,,
bm-gift-card,,,,,,,,,₹15000,,,,,,,,,0.0,,5,deny,gift_card,15000.00,,false,false,,,,,,,,,,,,,,,,,,,,,,,,,,,,,,,,,,,,,kg,,,
